{
    "accuracy": 0.972,
    "precision": 0.20454545454545456,
    "recall": 0.3,
    "f1": 0.24324324324324326
}