{
    "accuracy": 0.9945,
    "precision": 1.0,
    "recall": 0.6333333333333333,
    "f1": 0.7755102040816326,
    "roc_auc": 1.0
}